商品名,价格,产地,商店名,链接,同店同种商品数
2016秋冬新款女包韩版双肩包百搭两用背包女士旅行包包学院风书包,168.00,浙江金华,帝派旗舰店,https://detail.tmall.com/item.htm?&id=534290711273&ns=1&abbucket=10,1
2017夏新款牛津布双肩包女韩版个性尼龙帆布书包包休闲百搭背包潮,228.00 - 238.00,广东广州,佐迪旗舰店,https://detail.tmall.com/item.htm?&id=550934573985&ns=1&abbucket=10,1
2017新款双肩包女韩版时尚简约百搭女包包学院风学生书包双肩背包,158.00,北京,碧洛迪丝箱包旗舰店,https://detail.tmall.com/item.htm?&id=535839018409&ns=1&abbucket=10,6
2017新款双肩包女韩版潮简约百搭时尚双肩背包校园学院风学生书包,168.00 - 178.00,北京,碧洛迪丝箱包旗舰店,https://detail.tmall.com/item.htm?&id=540742230879&ns=1&abbucket=10,6
2017新款双肩包男韩版商务休闲男士背包大学生书包潮流旅行电脑包,128.00 - 138.00,上海,希卡旗舰店,https://detail.tmall.com/item.htm?&id=549727666570&ns=1&abbucket=10,3
2017新款女包夏天小包包老花小双肩包女迷你背包单肩斜挎小包书包,69.90 - 79.90,北京,代代花枳旗舰店,https://detail.tmall.com/item.htm?&id=545873840927&ns=1&abbucket=10,0
2017新款女双肩包韩版夏季个性背包校园学生书包百搭女士小包包潮,149.00,广东广州,芳妃箱包旗舰店,https://detail.tmall.com/item.htm?&id=549458476520&ns=1&abbucket=10,1
2017新款女士双肩包女韩版时尚个性百搭迷你小包包潮书包背包女包,88.00,湖南长沙,牧霖枫旗舰店,https://detail.tmall.com/item.htm?&id=553043508407&ns=1&abbucket=10,1
2017新款女士背包双肩包 女包学生书包韩版潮流时尚旅行PU背包女,128.00 - 132.00,广东广州,米格莱思旗舰店,https://detail.tmall.com/item.htm?&id=44540603196&ns=1&abbucket=10,5
2017新款妈咪双肩包女韩版百搭书包个性潮时尚女士包包学生小背包,188.00,广东广州,heareem旗舰店,https://detail.tmall.com/item.htm?&id=548784032823&ns=1&abbucket=10,2
2017新款尼龙双肩包女背包牛津布时尚简约韩版帆布休闲学院风书包,508.00 - 518.00,北京,sybecca旗舰店,https://detail.tmall.com/item.htm?&id=525170417721&ns=1&abbucket=10,1
2017新款彩条双肩包女韩版百搭旅行小背包时尚书包迷你包牛津布包,98.00,广东广州,米格莱思旗舰店,https://detail.tmall.com/item.htm?&id=546309684022&ns=1&abbucket=10,5
2017新款方扣尼龙双肩包女包牛津布大容量旅行背包韩版书包锁扣,39.90,北京,柏斯菲旗舰店,https://detail.tmall.com/item.htm?&id=536522001000&ns=1&abbucket=10,10
2017新款潮书包牛津布双肩包女韩版帆布背包时尚女包学院风旅行包,98.00,广东广州,米格莱思旗舰店,https://detail.tmall.com/item.htm?&id=540976227787&ns=1&abbucket=10,5
2017新款潮女士pu双肩包女韩版时尚百搭小背包休闲书包简约女包包,188.00,河北保定,jushion聚尚旗舰店,https://detail.tmall.com/item.htm?&id=547025097536&ns=1&abbucket=10,8
2017新款潮女士双肩包韩版pu个性百搭书包时尚背包女包妈咪包包夏,188.00,河北保定,jushion聚尚旗舰店,https://detail.tmall.com/item.htm?&id=547287444974&ns=1&abbucket=10,8
2017新款潮女士双肩包韩版个性百搭书包背包时尚简约pu妈咪包包夏,138.00,浙江杭州,木佰旗舰店,https://detail.tmall.com/item.htm?&id=546515778506&ns=1&abbucket=10,1
2017新款背包双肩包女包韩版学院风女士包包潮pu百搭尼龙书包,39.90,天津,柏斯菲旗舰店,https://detail.tmall.com/item.htm?&id=549939647259&ns=1&abbucket=10,10
2017新款韩版牛津布迷你小背包旅行百搭尼龙双肩包帆布书包女包包,79.90,河北保定,安朵拉旗舰店,https://detail.tmall.com/item.htm?&id=551859600124&ns=1&abbucket=10,1
aza旅行包2017新款男女百搭背包阿扎潮大容量书包韩版休闲双肩包b,245.00,上海,aza旗舰店,https://detail.tmall.com/item.htm?&id=544140425072&ns=1&abbucket=10,2
B.Duck小黄鸭3D鸭嘴双肩包女牛津布背包韩版学生书包可爱旅行女包,498.00,广东惠州,semk旗舰店,https://detail.tmall.com/item.htm?&id=540405963853&ns=1&abbucket=10,3
coolbaby书包小学生1-3-5年级女孩女童双肩包6-12周岁儿童背包,188.00 - 198.00,湖南邵阳,酷儿宝贝旗舰店,https://detail.tmall.com/item.htm?&id=551333852246&ns=1&abbucket=10,2
Dickies爆款双肩包男女简约潮流学生包小背包书包字母印花包C020,539.00,广东广州,dickies鼎骏专卖店,https://detail.tmall.com/item.htm?&id=538223274148&ns=1&abbucket=10,4
Four One2017新款双肩女潮休闲背包涂鸦书包韩版百搭个性PU妈咪包,168.00 - 228.00,广东广州,fourone旗舰店,https://detail.tmall.com/item.htm?&id=537586656039&ns=1&abbucket=10,2
HK双肩包男休闲旅行背包电脑包韩版时尚潮流高中大学生男士书包,188.00,广东广州,hk箱包旗舰店,https://detail.tmall.com/item.htm?&id=544508665238&ns=1&abbucket=10,1
jty高初中学生书包女双肩包男韩版帆布学院风简约休闲大容量旅行,88.00 - 90.00,广东深圳,jty旗舰店,https://detail.tmall.com/item.htm?&id=550022251617&ns=1&abbucket=10,1
Larkpad儿童书包小学生书包6-12周岁男女生1-3年级减负护脊双肩包,278.00 - 298.00,广东深圳,larkpad玩具旗舰店,https://detail.tmall.com/item.htm?&id=41143682580&ns=1&abbucket=10,2
LOCCOT骆特双肩包男时尚潮流韩版大学生书包休闲简约旅行背包男,255.00,广东广州,loccot旗舰店,https://detail.tmall.com/item.htm?&id=548364192232&ns=1&abbucket=10,1
lozynn 文艺复古手提单肩包帆布袋书包布包男女款百搭单肩包,78.00,江苏盐城,lozynn罗绮旗舰店,https://detail.tmall.com/item.htm?&id=525147451419&ns=1&abbucket=10,1
Miffy米菲2017新款双肩包女士包韩版书包卡通包包可爱亮片背包潮,288.00,广东广州,米菲伟之林专卖店,https://detail.tmall.com/item.htm?&id=525558043397&ns=1&abbucket=10,6
tigerfamily儿童书包 小学生一年级书包女男6-10岁减负护脊双肩包,398.00 - 428.00,广东阳江,tigerfamily旗舰店,https://detail.tmall.com/item.htm?&id=45129832334&ns=1&abbucket=10,3
七匹熊小学生书包1-3-4-6年级男女生 护脊减负韩版儿童书包,188.00,福建泉州,七匹熊旗舰店,https://detail.tmall.com/item.htm?&id=19732162089&ns=1&abbucket=10,2
七匹狼双肩包 男士韩版休闲旅行 商务电脑包大中学生书包男女背包,259.00 - 339.00,上海,七匹狼载道专卖店,https://detail.tmall.com/item.htm?&id=538369160524&ns=1&abbucket=10,1
七匹狼双肩包 韩版新款男女休闲潮包 学生书包加大旅行包男双肩包,319.00 - 359.00,上海,七匹狼开地专卖店,https://detail.tmall.com/item.htm?&id=538099596026&ns=1&abbucket=10,0
七匹狼双肩包男 新款商务男士旅行背包女休闲大容量电脑学生书包,339.00,上海,七匹狼开地专卖店,https://detail.tmall.com/item.htm?&id=524700645913&ns=1&abbucket=10,0
七匹狼双肩包男休闲运动背包 学生电脑书包时尚潮流大容量旅行包,339.00,上海,septwolves诚信达专卖店,https://detail.tmall.com/item.htm?&id=520994134302&ns=1&abbucket=10,1
七匹狼双肩包男学生书包双肩背包电脑包商务旅行包大容量防水包,249.00 - 289.00,湖北武汉,七匹狼励诚专卖店,https://detail.tmall.com/item.htm?&id=536576442098&ns=1&abbucket=10,1
七匹狼商务双肩包男 书包中学生女双肩电脑包 旅行男士背包大容量,319.00 - 359.00,浙江杭州,septwolves七匹狼旗舰店,https://detail.tmall.com/item.htm?&id=520096638930&ns=1&abbucket=10,1
七匹狼商务双肩包男士背包女韩版中学生书包休闲男包旅行包电脑包,249.00 - 339.00,湖北武汉,七匹狼都业专卖店,https://detail.tmall.com/item.htm?&id=45722332051&ns=1&abbucket=10,2
七匹狼背包男双肩包2017新款旅游学生书包背包韩版潮多功能电脑包,339.00,上海,七匹狼青牛专卖店,https://detail.tmall.com/item.htm?&id=543534660406&ns=1&abbucket=10,1
七匹狼韩版双肩包男休闲时尚潮流背包 英伦大学生书包运动旅行包,259.00,福建福州,septwolves诚信达专卖店,https://detail.tmall.com/item.htm?&id=536031466680&ns=1&abbucket=10,1
三美婴宝宝防走失包男童1-3岁幼儿园书包女童双肩背包儿童小包包,98.75,山东青岛,三美婴旗舰店,https://detail.tmall.com/item.htm?&id=533997299653&ns=1&abbucket=10,0
书包女双肩包韩版原宿ulzzang校园风高中大学生中学生背包旅行包,245.00,广东广州,橙路旗舰店,https://detail.tmall.com/item.htm?&id=520803847543&ns=1&abbucket=10,2
书包女双肩包韩版学院风休闲手提学生包旅行时尚背包女双肩百搭潮,76.00,广东广州,金宏箱包专营店,https://detail.tmall.com/item.htm?&id=541874986296&ns=1&abbucket=10,3
书包女学生韩版校园初中生简约帆布高中学生背包小清新港风双肩包,69.00 - 89.00,上海,木村耀司创申专卖店,https://detail.tmall.com/item.htm?&id=550397980533&ns=1&abbucket=10,2
书包小学生1-2-3-6年级男女生减负双肩儿童书包超轻防水护脊背包,162.00 - 168.00,湖南邵阳,智多狐旗舰店,https://detail.tmall.com/item.htm?&id=544046621313&ns=1&abbucket=10,0
书包男时尚潮流个性韩版旅行中学生青年休闲校园男士背包双肩包男,109.00,广东广州,沃曼威斯丰傲专卖店,https://detail.tmall.com/item.htm?&id=547783127867&ns=1&abbucket=10,5
书包男时尚潮流韩版高中学生校园双肩包大容量休闲旅行包男士背包,79.00,广东广州,偶爱旗舰店,https://detail.tmall.com/item.htm?&id=550818260973&ns=1&abbucket=10,4
书包男韩版时尚潮流初中学生休闲旅行包大容量背包高中校园双肩包,109.00,上海,cyzm1983旗舰店,https://detail.tmall.com/item.htm?&id=537165364697&ns=1&abbucket=10,1
书包男高中学生时尚潮流日韩男士背包个性街头双肩包男韩版大学生,290.00,广东广州,iozo旗舰店,https://detail.tmall.com/item.htm?&id=543439347937&ns=1&abbucket=10,2
代代花枳双肩包女潮2017新款夏天小包包百搭小背包女校园学生书包,59.90,北京,代代花枳旗舰店,https://detail.tmall.com/item.htm?&id=537106723127&ns=1&abbucket=10,0
休闲双肩包女潮韩版背包时尚百搭妈咪包斜挎旅行书包包2017新款夏,178.00,广东广州,阿特妮尔旗舰店,https://detail.tmall.com/item.htm?&id=548244095435&ns=1&abbucket=10,1
休闲男士双肩包时尚个性街头潮流背包英伦百搭青年日韩书包皮韩版,399.00 - 429.00,河北石家庄,赫威保罗旗舰店,https://detail.tmall.com/item.htm?&id=537823552472&ns=1&abbucket=10,1
休闲男士双肩包男士背包韩版学生书包皮时尚潮流运动旅行电脑包潮,189.00,天津,艾乖旗舰店,https://detail.tmall.com/item.htm?&id=524425153077&ns=1&abbucket=10,1
偶爱双肩包女 大高中学生书包女 时尚潮流学院风旅行包韩版小背包,168.00,广东广州,偶爱旗舰店,https://detail.tmall.com/item.htm?&id=542450784669&ns=1&abbucket=10,4
儿童书包1-3-4-6年级双肩12周岁书包小学生女孩韩版可爱公主背包,158.00 - 198.00,湖南邵阳,酷儿宝贝旗舰店,https://detail.tmall.com/item.htm?&id=543311066172&ns=1&abbucket=10,2
儿童书包小学生书包男女1-3-5-6年级护脊减负双肩防水背包6-14岁,119.00,湖南邵阳,醇龙旗舰店,https://detail.tmall.com/item.htm?&id=538301052128&ns=1&abbucket=10,2
儿童书包小学生女孩1-3-4-6年级女童双肩背包6-12周岁护脊减负轻,156.00 - 168.00,广东广州,大欧太阳宝贝旗舰店,https://detail.tmall.com/item.htm?&id=551609642512&ns=1&abbucket=10,0
儿童书包小学生男生3-5-4-6年级女生6-12周岁超轻护脊防水男孩,192.00 - 216.00,湖南邵阳,碧峰峡旗舰店,https://detail.tmall.com/item.htm?&id=545869407572&ns=1&abbucket=10,2
儿童书包韩版可爱宝宝幼儿园书包 男女童女孩1-3-6岁小孩婴儿书包,78.00,福建福州,咔米嗒楚航专卖店,https://detail.tmall.com/item.htm?&id=528671864334&ns=1&abbucket=10,2
儿童拉杆书包三轮可爬楼梯公主小学生双肩包女童书包1-3-5-6年级,136.00 - 290.00,北京,泰成母婴专营店,https://detail.tmall.com/item.htm?&id=528621876683&ns=1&abbucket=10,3
减负小学生书包女生轻便1-3年级粉色女孩书包小学4-6年级韩版校园,268.00,广东广州,博力斯旗舰店,https://detail.tmall.com/item.htm?&id=550724325422&ns=1&abbucket=10,2
凯蒂猫书包小学生女童1-3-4年级hellokitty韩版卡通儿童双肩背包,214.00,上海,多妙屋母婴旗舰店,https://detail.tmall.com/item.htm?&id=536329867430&ns=1&abbucket=10,2
包包2017新款韩版双肩包女包包PU皮背包女士休闲书包高初中学生包,188.00,浙江杭州,瑞韩香箱包旗舰店,https://detail.tmall.com/item.htm?&id=532942522321&ns=1&abbucket=10,2
包包2017春夏新款潮双肩包女包简约休闲软皮旅行背包日韩时尚书包,168.00,广东广州,奈雯旗舰店,https://detail.tmall.com/item.htm?&id=540619626499&ns=1&abbucket=10,2
包包女2017新款潮韩版百搭学院铆钉背包简约PU书包休闲双肩包小包,99.00,上海,朵泽旗舰店,https://detail.tmall.com/item.htm?&id=545039640308&ns=1&abbucket=10,1
北包包学院风韩版书包中学生背包可爱百搭校园双肩包女包旅行潮包,59.90,河北保定,北包包旗舰店,https://detail.tmall.com/item.htm?&id=546467568660&ns=1&abbucket=10,11
卡卡男士双肩包男韩版休闲背包男大学生书包男旅行包电脑包男包包,135.00,广东广州,kaka卡卡旗舰店,https://detail.tmall.com/item.htm?&id=545703057168&ns=1&abbucket=10,4
卡拉羊双肩包男女中学生大学生书包高中生大容量休闲韩版潮旅行包,378.00,广东惠州,卡拉羊维德邦尼专卖店,https://detail.tmall.com/item.htm?&id=38333262834&ns=1&abbucket=10,6
卡通蛋壳书包13寸幼儿园书包儿童包3-4-5-6岁男女孩硬壳双肩背包,99.80,安徽合肥,乐萱萱母婴专营店,https://detail.tmall.com/item.htm?&id=538550811304&ns=1&abbucket=10,1
印花双肩包女韩版潮帆布书包中学生男休闲背包电脑包大容量旅行包,238.00 - 259.00,广东广州,forevercultivate旗舰店,https://detail.tmall.com/item.htm?&id=44927141935&ns=1&abbucket=10,9
双肩包书包男 高中学生初中书包男时尚潮流韩版大容量背包旅行包,259.00 - 279.00,福建泉州,lm步琪专卖店,https://detail.tmall.com/item.htm?&id=524345601677&ns=1&abbucket=10,1
双肩包女包2017新款韩版简约百搭迷你学生书包小背包夏天小包包潮,258.00 - 398.00,广东广州,toutou旗舰店,https://detail.tmall.com/item.htm?&id=520683527974&ns=1&abbucket=10,0
双肩包女士包包2017新款潮韩版百搭背包女妈咪包简约女包休闲书包,120.00,浙江杭州,欧牟罗旗舰店,https://detail.tmall.com/item.htm?&id=540188461871&ns=1&abbucket=10,2
双肩包女士背包2017新款韩版个性百搭书包时尚街头潮流旅行包包夏,128.00,浙江杭州,弥语旗舰店,https://detail.tmall.com/item.htm?&id=547936315406&ns=1&abbucket=10,1
双肩包女日本新款手提尼龙电脑旅行背包大容量学院风书包中学生男,128.00 - 176.00,广东广州,fhkx旗舰店,https://detail.tmall.com/item.htm?&id=526411770478&ns=1&abbucket=10,2
双肩包女日本新款旅行背包男学生书包大容量多功能手提妈咪包百搭,118.00 - 148.00,浙江湖州,百峰箱包旗舰店,https://detail.tmall.com/item.htm?&id=537749770191&ns=1&abbucket=10,1
双肩包女潮2017新款韩版百搭个性书包PU皮简约书包包女士水洗背包,218.00,湖北武汉,梵莱斯卡旗舰店,https://detail.tmall.com/item.htm?&id=549447762387&ns=1&abbucket=10,1
双肩包女牛皮背包真皮时尚学院风包包2017夏季新款潮书包新品,1358.00,广东广州,wuzigolf旗舰店,https://detail.tmall.com/item.htm?&id=529622760188&ns=1&abbucket=10,1
双肩包女背包男韩版潮电脑包初高中学生书包百搭大容量休闲旅行包,199.00,福建泉州,malwee箱包旗舰店,https://detail.tmall.com/item.htm?&id=543205130849&ns=1&abbucket=10,1
双肩包女韩版个性包包2017新款潮时尚百搭休闲女包书包女旅行背包,128.00,河北保定,jushion聚尚旗舰店,https://detail.tmall.com/item.htm?&id=542329029629&ns=1&abbucket=10,8
双肩包女韩版个性百搭书包pu软皮时尚简约背包妈咪包包2017新款潮,139.00,天津,派茜旗舰店,https://detail.tmall.com/item.htm?&id=552737313098&ns=1&abbucket=10,0
双肩包女韩版个性迷你小背包2017新款潮时尚百搭软皮妈咪包包书包,188.00,浙江台州,粹鸟旗舰店,https://detail.tmall.com/item.htm?&id=543069405116&ns=1&abbucket=10,1
双肩包女韩版休闲尼龙背包帆布旅行简约百搭牛津布学院风书包潮,168.00,广东广州,佐木旗舰店,https://detail.tmall.com/item.htm?&id=543123249741&ns=1&abbucket=10,4
双肩包女韩版双肩背包女潮2017新款个性时尚百搭书包欧美背包女包,102.00,浙江台州,韩雅伊人旗舰店,https://detail.tmall.com/item.htm?&id=546155329466&ns=1&abbucket=10,0
双肩包女韩版学生书包2017新款时尚百搭包包女士背包软皮旅行女包,128.00 - 130.00,广东广州,米格莱思旗舰店,https://detail.tmall.com/item.htm?&id=42562018068&ns=1&abbucket=10,5
双肩包女韩版学院风 包包2017新款旅行包背包女时尚休闲书包女包,299.00,广东广州,卡诺蒂兰旗舰店,https://detail.tmall.com/item.htm?&id=533111222076&ns=1&abbucket=10,4
双肩包女韩版学院风背包大学生书包男15.6寸14寸休闲旅行包电脑包,188.00,广东广州,慧派旗舰店,https://detail.tmall.com/item.htm?&id=540066324001&ns=1&abbucket=10,3
双肩包女韩版学院风高中学生背包男初中生校园休闲帆布中学生书包,139.00,广东广州,jiaybl家易佰乐箱包旗舰,https://detail.tmall.com/item.htm?&id=540904881986&ns=1&abbucket=10,3
双肩包女韩版旅行包帆布背包男学生书包离家出走百搭手提妈咪包潮,99.00,广东广州,laselener旗舰店,https://detail.tmall.com/item.htm?&id=552140031515&ns=1&abbucket=10,1
双肩包女韩版牛津布百搭休闲旅行潮背包时尚学院风尼龙学生书包,129.00,广东广州,大脸兔旗舰店,https://detail.tmall.com/item.htm?&id=546178773580&ns=1&abbucket=10,2
双肩包女韩版背包妈咪包包2017新款潮流时尚百搭简约休闲女包书包,118.00,河北保定,jushion聚尚旗舰店,https://detail.tmall.com/item.htm?&id=545441636311&ns=1&abbucket=10,8
双肩包女韩版背包时尚个性百搭女包欧美女士包包2017新款潮书包女,189.00,浙江杭州,爱潮鸟旗舰店,https://detail.tmall.com/item.htm?&id=521080722931&ns=1&abbucket=10,4
双肩包女韩版铆钉小背包简约百搭新款学院风休闲旅行包PU学生书包,158.00 - 168.00,北京,碧洛迪丝箱包旗舰店,https://detail.tmall.com/item.htm?&id=539962593013&ns=1&abbucket=10,6
双肩包男中学生书包男时尚潮韩版初中学生高中生大学生女旅行背包,160.00,广东广州,wolfhorse箱包旗舰店,https://detail.tmall.com/item.htm?&id=540060292222&ns=1&abbucket=10,1
双肩包男士背包女书包韩版潮学院风大中学生旅行包休闲商务电脑包,389.00,广东广州,wolfhorse箱包旗舰店,https://detail.tmall.com/item.htm?&id=524900276098&ns=1&abbucket=10,1
双肩包男士背包旅行韩版潮流大高中学生书包旅游休闲商务电脑包,129.00,广东广州,骆佰斯旗舰店,https://detail.tmall.com/item.htm?&id=547389337114&ns=1&abbucket=10,0
双肩包男士韩版背包时尚潮流电脑包大容量高中学生书包户外旅行包,98.00 - 108.00,上海,木村耀司旗舰店,https://detail.tmall.com/item.htm?&id=548525329649&ns=1&abbucket=10,2
双肩包男大容量行李背包旅行包女旅游登山包户外防水休闲电脑书包,136.00,上海,海曙方慈箱包专营店,https://detail.tmall.com/item.htm?&id=35800539696&ns=1&abbucket=10,0
双肩包男新款韩版休闲时尚大容量高初中学生书包潮流学院风背包男,399.00,广东广州,沃曼威斯旗舰店,https://detail.tmall.com/item.htm?&id=522642263415&ns=1&abbucket=10,3
双肩包男旅游大容量大高中学生书包时尚潮流旅行包休闲电脑包背包,118.00,广东广州,沃曼威斯旗舰店,https://detail.tmall.com/item.htm?&id=546747795520&ns=1&abbucket=10,3
双肩包男时尚潮流背包大容量旅行包休闲电脑包中学生书包男包印花,108.00,广东广州,沃曼威斯旗舰店,https://detail.tmall.com/item.htm?&id=546457965427&ns=1&abbucket=10,3
双肩包男电脑包多功能防盗书包学生青年背包双肩男包旅行休闲商务,219.00 - 269.00,广东广州,马可莱登旗舰店,https://detail.tmall.com/item.htm?&id=540675354532&ns=1&abbucket=10,1
双肩包男背包女大高中学生书包 韩版旅行包多功能男士电脑包商务,279.00,广东广州,augur翱格旗舰店,https://detail.tmall.com/item.htm?&id=533278404470&ns=1&abbucket=10,3
双肩包男背包韩版时尚潮流手提大高初中学生书包旅行休闲商务电脑,398.00,广东广州,mikedisegnsmcystmj店,https://detail.tmall.com/item.htm?&id=547314977117&ns=1&abbucket=10,2
双肩包男韩版大容量男士旅行背包日韩青年高中学生书包男时尚潮流,190.00,广东广州,iozo旗舰店,https://detail.tmall.com/item.htm?&id=551346057352&ns=1&abbucket=10,2
双肩包男韩版时尚潮流新款背包大容量学院风高初中学生书包旅游包,168.00,广东广州,亚妮梦奴旗舰店,https://detail.tmall.com/item.htm?&id=540788276470&ns=1&abbucket=10,5
双肩包男韩版潮流书包大容量高中学生旅行休闲商务电脑旅游男背包,168.00,广东广州,亚妮梦奴旗舰店,https://detail.tmall.com/item.htm?&id=545848871851&ns=1&abbucket=10,5
双肩包男韩版皮商务潮流翻盖抽带时尚背包学生书包男士旅行水桶包,229.00,天津,艾乖旗舰店,https://detail.tmall.com/item.htm?&id=539964278085&ns=1&abbucket=10,1
双肩包男韩版高中大学生书包时尚潮流休闲青年大容量旅行背包男,169.00,广东广州,骆佰斯旗舰店,https://detail.tmall.com/item.htm?&id=545463001133&ns=1&abbucket=10,0
可爱幼儿园儿童书包男女1-2-3-4-5-6岁周岁双肩背包宝宝小孩包包,31.60 - 46.00,上海,kvg旗舰店,https://detail.tmall.com/item.htm?&id=532595346605&ns=1&abbucket=10,1
台湾unme书包小学生书包男女1-3-6年级减负背包儿童书包8-10-12岁,260.00 - 460.00,上海,unme旗舰店,https://detail.tmall.com/item.htm?&id=22244624468&ns=1&abbucket=10,5
吉田双肩包男书包时尚潮流日韩版初中学生大高中学院校园旅行背包,118.00 - 158.00,广东广州,吉田箱包旗舰店,https://detail.tmall.com/item.htm?&id=547335245125&ns=1&abbucket=10,3
吉田背包双肩包男日韩版大容量旅行包大高初中学生书包男时尚潮流,132.00 - 152.00,广东广州,吉田箱包旗舰店,https://detail.tmall.com/item.htm?&id=551572190385&ns=1&abbucket=10,3
名鹿大容量双肩包男士背包女休闲旅游旅行包电脑高中学生日韩书包,178.00 - 310.00,广东深圳,名鹿旗舰店,https://detail.tmall.com/item.htm?&id=22481260084&ns=1&abbucket=10,1
咔米嗒幼儿园小书包儿童宝宝1-3岁男女童小孩卡通可爱迷你背包,60.00,福建福州,咔米嗒旗舰店,https://detail.tmall.com/item.htm?&id=45559515366&ns=1&abbucket=10,5
商务背包男士双肩包韩版潮流旅行包休闲女学生书包简约电脑包男包,210.00,广东广州,wolfhorse箱包旗舰店,https://detail.tmall.com/item.htm?&id=546658059107&ns=1&abbucket=10,1
墨一双肩包男旅游包时尚潮流男士背包大容量PU皮包包韩版学生书包,258.00,广东广州,墨一旗舰店,https://detail.tmall.com/item.htm?&id=541409054234&ns=1&abbucket=10,1
墨一韩版男士背包休闲双肩包旅行包复古帆布包男包学生书包电脑包,228.00,广东广州,墨一旗舰店,https://detail.tmall.com/item.htm?&id=526936190570&ns=1&abbucket=10,1
奥利帝克旅行包双肩包休闲户外时尚大容量背包女双肩书包男登山包,328.00 - 348.00,广东广州,olidik奥利帝克旗舰店,https://detail.tmall.com/item.htm?&id=20164083662&ns=1&abbucket=10,1
奥王背包双肩包男电脑旅行包大初中高中学生书包女时尚潮流大容量,299.00 - 359.00,广东广州,奥王旗舰店,https://detail.tmall.com/item.htm?&id=538814514975&ns=1&abbucket=10,2
女士包包女2017新款韩版牛津布双肩包女背包女双肩书包旅行包女包,298.00,广东广州,卡诺蒂兰旗舰店,https://detail.tmall.com/item.htm?&id=531897964291&ns=1&abbucket=10,4
女士双肩包女韩版pu背包时尚女包学院风包包2016新款潮书包蝴蝶结,39.90,天津,柏斯菲旗舰店,https://detail.tmall.com/item.htm?&id=544276327057&ns=1&abbucket=10,10
女士双肩包女韩版女包包夏2017新款潮个性百搭时尚书包妈咪pu背包,99.80,北京,莱媚旗舰店,https://detail.tmall.com/item.htm?&id=539863918103&ns=1&abbucket=10,1
女士双肩包女韩版时尚个性百搭迷你小包包2017新款潮书包背包女包,139.00,浙江杭州,爱潮鸟旗舰店,https://detail.tmall.com/item.htm?&id=537895518425&ns=1&abbucket=10,4
女童书包小学生女生1-3-6年级6-12周岁减负护脊公主女生双肩背包,298.00 - 428.00,广东广州,彩虹女孩旗舰店,https://detail.tmall.com/item.htm?&id=538704688481&ns=1&abbucket=10,1
威戈瑞士军刀双肩包男女15.6寸电脑背包商务背包大容量学生书包,588.00,江苏苏州,威戈官方旗舰店,https://detail.tmall.com/item.htm?&id=26455152637&ns=1&abbucket=10,6
家易佰乐书包中学生女校园学院风初中生背包帆布高中双肩包韩版潮,280.00,广东广州,jiaybl家易佰乐箱包旗舰,https://detail.tmall.com/item.htm?&id=42989288507&ns=1&abbucket=10,3
小学生书包6-12周岁 女儿童双肩包 3-5年级女童背包 1-3年级女孩,168.00,北京,启梦缘母婴专营店,https://detail.tmall.com/item.htm?&id=544301284197&ns=1&abbucket=10,2
小学生书包女生1-3-5年级女孩减负护脊双肩背包儿童书包6-12周岁,228.00 - 388.00,湖南邵阳,酷儿宝贝卡豆专卖店,https://detail.tmall.com/item.htm?&id=530870876119&ns=1&abbucket=10,6
小学生书包男生1-3-4-6年级儿童书包女6-12周岁双肩背包护脊防水,168.00,湖南邵阳,阳光树旗舰店,https://detail.tmall.com/item.htm?&id=537090081204&ns=1&abbucket=10,2
小学生书包男童1-3-6牛津大学儿童包包女6-12周岁双肩护脊背包5,399.00,福建福州,universityofoxford旗舰店,https://detail.tmall.com/item.htm?&id=38922791907&ns=1&abbucket=10,5
小学生儿童书包男女孩童1-3-5-6年级减负护脊双肩背包6-8-12周岁,168.00 - 188.00,上海,曼嵘玩具专营店,https://detail.tmall.com/item.htm?&id=43730494010&ns=1&abbucket=10,0
小米双肩包简约休闲多功能书包男女笔记本电脑包时尚潮流旅行背包,149.00 - 150.00,北京,小米官方旗舰店,https://detail.tmall.com/item.htm?&id=44932380380&ns=1&abbucket=10,0
小米学院风帆布双肩包休闲书包大容量学生电脑包户外旅行背包男女,59.10,上海,小米极米专卖店,https://detail.tmall.com/item.htm?&id=547709691308&ns=1&abbucket=10,2
巴朗双肩包男士商务休闲旅行背包男电脑包大中学生女书包USB充电,178.00 - 198.00,广东广州,巴朗成都专卖店,https://detail.tmall.com/item.htm?&id=15780966639&ns=1&abbucket=10,0
巴朗双肩包男士背包韩版潮大高中学生书包商务休闲电脑背包旅行包,223.00 - 418.00,广东广州,巴朗旗舰店,https://detail.tmall.com/item.htm?&id=13612371112&ns=1&abbucket=10,1
巴朗双肩包男背包时尚潮流男士商务电脑包韩版高中生书包休闲旅行,182.00,广东广州,巴朗旗舰店,https://detail.tmall.com/item.htm?&id=547214782261&ns=1&abbucket=10,1
帆布双肩包女包日韩版潮学院风初高中学生书包旅行背包校园小清新,268.00,安徽合肥,合肥雨凡箱包旗舰店,https://detail.tmall.com/item.htm?&id=42570987198&ns=1&abbucket=10,5
幼儿园书包1-3-6周岁男童大班机器人儿童双肩包女宝宝防走失背包,198.00,广东广州,冠军小熊旗舰店,https://detail.tmall.com/item.htm?&id=38991904893&ns=1&abbucket=10,4
幼儿园书包儿童书包1-3-5岁小虫家男女童双肩包包宝宝防走失背包,80.00,山东青岛,小虫家旗舰店,https://detail.tmall.com/item.htm?&id=536423277545&ns=1&abbucket=10,3
幼儿园书包男童迪士尼汽车总动员小孩2-3-5岁儿童男宝宝双肩背包6,114.00,上海,多妙屋母婴旗舰店,https://detail.tmall.com/item.htm?&id=43215774075&ns=1&abbucket=10,2
幼儿园儿童书包小学生6-12周岁男孩女孩3岁5岁宝宝儿童背包潮双肩,215.00 - 249.00,广东广州,熊之族旗舰店,https://detail.tmall.com/item.htm?&id=525828075183&ns=1&abbucket=10,3
新款双肩包女潮趣卡通印花中大学生书包日系休闲原宿旅行斜跨背包,39.90,河北保定,甜蜜都市旗舰店,https://detail.tmall.com/item.htm?&id=548906706337&ns=1&abbucket=10,1
新款尼龙牛津布双肩包女韩版潮时尚百搭防水背包学院风书包妈咪包,218.00,广东广州,佐木旗舰店,https://detail.tmall.com/item.htm?&id=545263165728&ns=1&abbucket=10,4
新款正品旺豪高初中小学生书包男女双肩背包防水耐磨儿童书包,128.00,湖南邵阳,旺豪旗舰店,https://detail.tmall.com/item.htm?&id=548068226832&ns=1&abbucket=10,2
施维茨十字双肩包男士背包女韩版中学生书包旅行包休闲商务电脑包,498.00 - 598.00,广东广州,施维茨十字广州专卖店,https://detail.tmall.com/item.htm?&id=39647557346&ns=1&abbucket=10,4
日韩版大高初中学生书包女时尚潮流双肩包田园小清新校园帆布背包,318.00,广东广州,mcysczb旗舰店,https://detail.tmall.com/item.htm?&id=539626794722&ns=1&abbucket=10,4
日韩铆钉双肩包2017新款韩版pu旅行背包简约时尚学院风女学生书包,98.00,广东广州,米格莱思旗舰店,https://detail.tmall.com/item.htm?&id=540503669815&ns=1&abbucket=10,5
时尚双肩包女韩版2017春夏新款潮书包休闲女士背包简约旅行小包包,168.00 - 178.00,广东广州,奈雯旗舰店,https://detail.tmall.com/item.htm?&id=543005469214&ns=1&abbucket=10,2
时尚双肩包女韩版2017春季新款潮书包休闲女士背包简约旅行小包包,138.00,浙江杭州,木佰旗舰店,https://detail.tmall.com/item.htm?&id=547875481431&ns=1&abbucket=10,1
时尚双肩包韩版2017新款百搭休闲背包潮编织铆钉PU校园书包女学生,96.00,上海,木村耀司旗舰店,https://detail.tmall.com/item.htm?&id=530603333872&ns=1&abbucket=10,2
时尚背包女水洗皮休闲双肩包女韩版妈咪书包包潮百搭软皮2017新款,89.00,天津,blingring旗舰店,https://detail.tmall.com/item.htm?&id=552008123825&ns=1&abbucket=10,2
时尚背包牛津布休闲双肩包女韩版妈咪书包包潮百搭软皮2017新款夏,178.00 - 204.00,广东广州,阿特妮尔旗舰店,https://detail.tmall.com/item.htm?&id=548742622839&ns=1&abbucket=10,1
普莱顿男士帆布背包男 双肩包潮流时尚书包大学生休闲旅行包韩版,298.00,广东广州,普莱顿旗舰店,https://detail.tmall.com/item.htm?&id=548746681676&ns=1&abbucket=10,0
木村原宿2017新款双肩包女韩版潮背包男中学生校园书包电脑旅行包,88.00,广东广州,木村原宿旗舰店,https://detail.tmall.com/item.htm?&id=533592103760&ns=1&abbucket=10,4
木村原宿双肩包女男士背包韩版潮学院风中学生校园书包休闲旅行包,128.00,广东广州,木村原宿旗舰店,https://detail.tmall.com/item.htm?&id=529175828658&ns=1&abbucket=10,4
木村耀司2017新款双肩包女韩版旅行包校园帆布背包潮初中学生书包,69.00,上海,木村耀司创申专卖店,https://detail.tmall.com/item.htm?&id=542339594703&ns=1&abbucket=10,2
木村耀司旅行背包大容量韩版休闲电脑包简约书包学生潮男士双肩包,89.00,上海,木村耀司旗舰店,https://detail.tmall.com/item.htm?&id=542651106234&ns=1&abbucket=10,2
木村耀司防水双肩包男容量旅行登山背包女大学生户外15.6电脑书包,128.00,上海,木村耀司旗舰店,https://detail.tmall.com/item.htm?&id=523793040773&ns=1&abbucket=10,2
木村耀司韩版双肩包女包时尚印花个性百搭小背包休闲迷你书包潮夏,219.00,上海,木村耀司旗舰店,https://detail.tmall.com/item.htm?&id=520097382497&ns=1&abbucket=10,2
木村耀司韩版双肩包时尚男休闲背包潮高中学生校园书包女大旅行包,498.00,上海,木村耀司旗舰店,https://detail.tmall.com/item.htm?&id=39639224496&ns=1&abbucket=10,2
梵瑞恩男士双肩包男青年时尚旅行包韩版休闲电脑背包学生简约书包,156.00 - 186.00,广东广州,梵瑞恩箱包旗舰店,https://detail.tmall.com/item.htm?&id=549261504806&ns=1&abbucket=10,3
森马书包男 时尚拼接撞色学院风双肩包女韩版潮简约百搭学生背包,265.00,浙江杭州,森马箱包旗舰店,https://detail.tmall.com/item.htm?&id=534708985974&ns=1&abbucket=10,1
森马双肩包女韩版 休闲百搭简约学院风背包潮旅行包学生书包男包,198.00,浙江杭州,森马箱包旗舰店,https://detail.tmall.com/item.htm?&id=534708761957&ns=1&abbucket=10,1
欧扉双肩包女韩版女士包包2017新款潮时尚百搭个性PU皮书包小背包,128.00,广东深圳,orfee欧扉箱包旗舰店,https://detail.tmall.com/item.htm?&id=521861367361&ns=1&abbucket=10,5
欧美双肩包男背包时尚潮流学生韩版书包女皮质PU个性百搭旅行英伦,238.00,广东广州,liveboxendirect箱包旗舰,https://detail.tmall.com/item.htm?&id=544063404819&ns=1&abbucket=10,2
正品旺豪书包小学生男女初中生1-34-6年级儿童书包耐磨防水双肩包,128.00,湖南邵阳,旺豪旗舰店,https://detail.tmall.com/item.htm?&id=39812455748&ns=1&abbucket=10,2
汉客时尚双肩包女休闲背包男电脑包大学生书包旅游包大容量旅行包,368.00 - 380.00,广东广州,汉客旗舰店,https://detail.tmall.com/item.htm?&id=12880325807&ns=1&abbucket=10,2
汉客都市精英男士背包双肩包女休闲大学生书包旅行包商务电脑包男,368.00 - 398.00,广东广州,汉客旗舰店,https://detail.tmall.com/item.htm?&id=531106442577&ns=1&abbucket=10,2
沃曼威斯新款双肩包男韩版大高初中学生书包时尚潮流休闲背包旅行,398.00,广东广州,沃曼威斯旗舰店,https://detail.tmall.com/item.htm?&id=531661974850&ns=1&abbucket=10,3
沃曼威斯韩版学生书包男电脑包潮流大容量背包男休闲双肩包旅游包,399.00,广东广州,沃曼威斯旗舰店,https://detail.tmall.com/item.htm?&id=35639800101&ns=1&abbucket=10,3
泰格奴防盗商务双肩包男背包女电脑包高中大学生书包休闲韩版旅行,352.00 - 399.00,广东广州,泰格奴箱包旗舰店,https://detail.tmall.com/item.htm?&id=20631167404&ns=1&abbucket=10,4
海贼充电双肩包书包男时尚潮流日韩版初中学生高中大帆布校园背包,299.00,广东广州,吉田箱包旗舰店,https://detail.tmall.com/item.htm?&id=544313422460&ns=1&abbucket=10,3
游牧人小学生书包1-3-6年级男女生儿童减负双肩书包1002,55.00 - 65.00,福建泉州,游牧人旗舰店,https://detail.tmall.com/item.htm?&id=44297749375&ns=1&abbucket=10,1
熊之族英伦风小学生书包1-3-6年级儿童书包幼儿园男女款护脊减负,265.00 - 285.00,广东广州,熊之族旗舰店,https://detail.tmall.com/item.htm?&id=537323425271&ns=1&abbucket=10,3
牛津双肩包女韩版2016新款女士尼龙背包个性帆布书包休闲包百搭潮,216.00,浙江杭州,goodsee古奢旗舰店,https://detail.tmall.com/item.htm?&id=530477055857&ns=1&abbucket=10,0
牛津双肩包女韩版2017新款女士尼龙背包个性帆布书包休闲百搭潮夏,138.00,浙江杭州,木佰旗舰店,https://detail.tmall.com/item.htm?&id=549332220778&ns=1&abbucket=10,1
牛津双肩包女韩版2017新款女士尼龙背包夏帆布书包休闲包包百搭潮,228.00 - 238.00,广东广州,佐迪旗舰店,https://detail.tmall.com/item.htm?&id=530222429315&ns=1&abbucket=10,1
牛津大学儿童书包幼儿园3-5-6周岁小班男童双肩背包女孩宝宝包包4,138.00,福建福州,universityofoxford旗舰店,https://detail.tmall.com/item.htm?&id=524668491673&ns=1&abbucket=10,5
牛津布双肩包女韩版帆布背包尼龙休闲学院风旅行包2017新款潮书包,81.66,广东广州,黑白蓝旗舰店,https://detail.tmall.com/item.htm?&id=537718356224&ns=1&abbucket=10,3
牛津布双肩包女韩版时尚休闲百搭背包简约学院风学生尼龙书包潮,109.00,广东广州,大脸兔旗舰店,https://detail.tmall.com/item.htm?&id=541695434334&ns=1&abbucket=10,2
牛津布双肩包女韩版百搭学院风尼龙书包妈咪简约时尚潮旅行女背包,109.00 - 119.00,广东广州,大脸兔旗舰店,https://detail.tmall.com/item.htm?&id=540103565129&ns=1&abbucket=10,2
牧之逸双肩包男士韩版休闲帆布背包旅行包高中学生书包男时尚潮流,148.00 - 168.00,广东广州,牧之逸旗舰店,https://detail.tmall.com/item.htm?&id=531629394059&ns=1&abbucket=10,3
牧之逸韩版男士背包双肩包男包休闲帆布旅行包电脑包大学生书包男,338.00,广东广州,牧之逸旗舰店,https://detail.tmall.com/item.htm?&id=533305097327&ns=1&abbucket=10,3
瑞士军刀双肩包瑞士中学生书包女休闲韩版商务旅行电脑大背包男士,668.00,广东广州,鑫运箱包专营店,https://detail.tmall.com/item.htm?&id=530894196576&ns=1&abbucket=10,2
瑞士军刀双肩包男士背包休闲商务电脑包女韩版高中学生书包旅行包,498.00 - 508.00,上海,施维茨十字裳酷专卖店,https://detail.tmall.com/item.htm?&id=41943964600&ns=1&abbucket=10,1
瑞士军刀双肩包男士背包大容量休闲商务旅行电脑包女韩版学生书包,558.00 - 569.00,浙江杭州,svvisssvver箱包旗舰店,https://detail.tmall.com/item.htm?&id=39913070223&ns=1&abbucket=10,0
瑞士双肩包男士旅行包瑞士军刀休闲电脑背包女高中初中学生书包潮,218.00,广东广州,瑞戈日进专卖店,https://detail.tmall.com/item.htm?&id=549176122464&ns=1&abbucket=10,3
瑞戈瑞士军刀双肩包男士旅行包女中学生书包15寸电脑商务瑞士背包,218.00,广东广州,瑞戈箱包旗舰店,https://detail.tmall.com/item.htm?&id=520600031297&ns=1&abbucket=10,5
瑞戈瑞士军刀旅行双肩包瑞士休闲初中生书包女15.6英寸电脑背包男,289.00,广东广州,瑞戈箱包旗舰店,https://detail.tmall.com/item.htm?&id=526962202492&ns=1&abbucket=10,5
瑞牌书包小学生女1-3-6年级儿童书包幼儿园女童双肩背包6-12周岁,128.00,广东广州,ruipai亿鸿专卖店,https://detail.tmall.com/item.htm?&id=39365532375&ns=1&abbucket=10,0
男包韩版潮包学生书包女包PU皮男士双肩包男背包电脑包休闲旅行包,189.00,天津,艾乖旗舰店,https://detail.tmall.com/item.htm?&id=533980473052&ns=1&abbucket=10,1
男士休闲双肩包韩版帆布旅行背包简约电脑男包时尚潮流大学生书包,138.00,上海,木村耀司旗舰店,https://detail.tmall.com/item.htm?&id=547236272763&ns=1&abbucket=10,2
男士双肩包男休闲旅行背包电脑包新款大学生高中学生书包时尚潮流,299.00,广东广州,蔻妃旗舰店,https://detail.tmall.com/item.htm?&id=546746779847&ns=1&abbucket=10,2
男士双肩包男休闲旅行背包电脑包韩版大学生高中学生书包时尚潮流,278.00,广东广州,fenruien梵瑞恩霏宇专卖,https://detail.tmall.com/item.htm?&id=524606777798&ns=1&abbucket=10,3
男士双肩包男帆布旅行背包电脑包韩版高中生大学生书包男时尚潮流,198.00,广东广州,淘斯卡箱包旗舰店,https://detail.tmall.com/item.htm?&id=544780740519&ns=1&abbucket=10,1
男士双肩包背包男电脑包高中大学生书包男女韩版潮休闲时尚旅行包,368.00,广东广州,宝鲨旗舰店,https://detail.tmall.com/item.htm?&id=541245033793&ns=1&abbucket=10,1
男士双肩包韩版时尚潮流旅行背包学院风大学生初中高中学生书包男,298.00,广东广州,iozo旗舰店,https://detail.tmall.com/item.htm?&id=543614451950&ns=1&abbucket=10,2
男士背包双肩包皮质时尚潮流PU皮学生书包休闲旅行包包韩版潮包,189.00,天津,艾乖旗舰店,https://detail.tmall.com/item.htm?&id=543254960844&ns=1&abbucket=10,1
百搭双肩包女印花日韩版潮流学院高中学生书包初中生旅行背包帆布,398.00,广东广州,偶爱旗舰店,https://detail.tmall.com/item.htm?&id=537021679518&ns=1&abbucket=10,4
神偷奶爸 小黄人1-3-5-6岁女童幼儿园儿童3D硬壳书包双肩包男宝宝,328.00,浙江金华,神偷奶爸索菲克派专卖店,https://detail.tmall.com/item.htm?&id=540206599513&ns=1&abbucket=10,2
第九城双肩包男韩版时尚潮流男包大学生休闲书包男士高中旅行背包,399.00,广东广州,第九城旗舰店,https://detail.tmall.com/item.htm?&id=544077242899&ns=1&abbucket=10,1
简约印花书包男时尚潮流双肩女初高中大学生背包休闲个性帆布旅行,108.00 - 118.00,广东广州,游棉铭展专卖店,https://detail.tmall.com/item.htm?&id=535440414330&ns=1&abbucket=10,0
米森双肩包男士背包大容量高中学生书包商务休闲电脑旅行包韩版女,279.00 - 309.00,广东广州,米森箱包旗舰店,https://detail.tmall.com/item.htm?&id=521292251613&ns=1&abbucket=10,2
米熙休闲运动背包双肩包女书包中学生男时尚潮流大容量旅游旅行包,338.00 - 378.00,广东广州,米熙箱包旗舰店,https://detail.tmall.com/item.htm?&id=22350512442&ns=1&abbucket=10,1
米熙双肩包男士多功能防盗背包 商务电脑包大学生书包女双肩背包,418.00 - 658.00,广东广州,米熙箱包旗舰店,https://detail.tmall.com/item.htm?&id=538967869548&ns=1&abbucket=10,1
米熙背包双肩包男士大学生书包男时尚潮流休闲商务电脑包女旅行包,498.00 - 538.00,广东广州,米熙箱包旗舰店,https://detail.tmall.com/item.htm?&id=40385438616&ns=1&abbucket=10,1
米熙防盗背包双肩包男士商务电脑包旅行包 大学生书包女双肩背包,468.00 - 498.00,广东广州,米熙箱包旗舰店,https://detail.tmall.com/item.htm?&id=539098870886&ns=1&abbucket=10,1
纳尔多双肩包男背包时尚商务男士电脑包高中学生书包休闲旅行包,166.00 - 196.00,广东广州,纳尔多箱包旗舰店,https://detail.tmall.com/item.htm?&id=541405136887&ns=1&abbucket=10,0
羊皮双肩包女真皮2017新款潮韩版百搭背包书包妈咪包旅行包包女包,338.00,河北保定,青蛙岛箱包旗舰,https://detail.tmall.com/item.htm?&id=547447433216&ns=1&abbucket=10,2
美国队长小学生书包6-12周岁韩版男孩背包儿童轻减负1-3-4-6年级,168.00 - 188.00,湖南邵阳,酷儿宝贝旗舰店,https://detail.tmall.com/item.htm?&id=534845548418&ns=1&abbucket=10,2
聚尚 双肩包男背包女韩版潮 商务男士电脑包高中学生书包休闲旅行,99.00,河北保定,jushion聚尚旗舰店,https://detail.tmall.com/item.htm?&id=538416015960&ns=1&abbucket=10,8
背包双肩包男时尚潮流大容量初中生书包男高中学生校园休闲电脑包,128.00 - 148.00,福建泉州,lm步琪专卖店,https://detail.tmall.com/item.htm?&id=540357700148&ns=1&abbucket=10,1
背包女韩版潮2017新款 百搭双肩包PU软皮大容量学院风书包旅行包,229.00,浙江台州,纳丝语旗舰店,https://detail.tmall.com/item.htm?&id=548219635659&ns=1&abbucket=10,1
背包男休闲男士大学生书包女韩版时尚潮流青年电脑包商务男双肩包,358.00,福建漳州,tbone旗舰店,https://detail.tmall.com/item.htm?&id=520570362934&ns=1&abbucket=10,2
艾奔 双肩包男 男士背包韩版潮女高中学生书包休闲商务电脑包旅行,469.00 - 519.00,福建泉州,aspensport旗舰店,https://detail.tmall.com/item.htm?&id=17607053550&ns=1&abbucket=10,5
艾奔 双肩包男背包女韩版潮 商务男士电脑包高中学生书包休闲旅行,499.00 - 539.00,福建泉州,aspensport旗舰店,https://detail.tmall.com/item.htm?&id=41986869647&ns=1&abbucket=10,5
芭比公主书包小学生3-5年级初中6-12周岁女童女孩休闲儿童双肩包4,168.00 - 238.00,广东东莞,蕙心母婴专营店,https://detail.tmall.com/item.htm?&id=550463397851&ns=1&abbucket=10,0
花间公主丽娜的梦女士背包2017新款双肩包休闲文艺尼龙书包女百搭,368.00,上海,花间公主旗舰店,https://detail.tmall.com/item.htm?&id=545815994740&ns=1&abbucket=10,0
莱夫书包女韩版时尚双肩包小帆布百搭尼龙背包2017新款潮简约女包,269.00,广东广州,莱夫箱包旗舰店,https://detail.tmall.com/item.htm?&id=536727384009&ns=1&abbucket=10,2
裂狼时尚潮流皮男双肩包休闲男包旅行大容量男士背包时尚学生书包,328.00,广东广州,裂狼旗舰店,https://detail.tmall.com/item.htm?&id=534236889339&ns=1&abbucket=10,4
费莱德双肩包男士新款背包休闲时尚学生书包电脑包旅行包韩版潮流,188.00,广东广州,费莱德旗舰店,https://detail.tmall.com/item.htm?&id=548140868007&ns=1&abbucket=10,2
费莱德男包韩版潮书包中学生女PU皮男士双肩包 男背包休闲旅行包,368.00,广东广州,费莱德旗舰店,https://detail.tmall.com/item.htm?&id=521071491549&ns=1&abbucket=10,2
赫登尔背包双肩包男时尚潮流旅行包迷彩大学生休闲书包韩版电脑包,309.00,广东广州,赫登尔旗舰店,https://detail.tmall.com/item.htm?&id=539346623174&ns=1&abbucket=10,1
超级飞侠书包儿童小学生立体1双肩幼儿园3-6岁男女童乐迪小爱,178.00,上海,宝典玩具专营店,https://detail.tmall.com/item.htm?&id=537073304687&ns=1&abbucket=10,0
轻便双肩包登山包户外背包可折叠男女书包旅游旅行包皮肤包超轻,288.00,广东广州,olidik奥利帝克旗舰店,https://detail.tmall.com/item.htm?&id=544754479796&ns=1&abbucket=10,1
迪卡侬双肩包男女 休闲旅行迷你双肩背包 小书包10L QUECHUA HB,19.90,江苏苏州,迪卡侬旗舰店,https://detail.tmall.com/item.htm?&id=43188715447&ns=1&abbucket=10,2
迪卡侬双肩背包 运动包女男书包 旅游迷你休闲包潮 17L NEWFEEL,29.90,江苏苏州,迪卡侬旗舰店,https://detail.tmall.com/item.htm?&id=6904480815&ns=1&abbucket=10,2
迪士尼书包小学生1-3-5年级4男女童双肩背包6-12周岁儿童米奇书包,178.00,广东东莞,蕙心母婴专营店,https://detail.tmall.com/item.htm?&id=552405294957&ns=1&abbucket=10,0
迪士尼书包小学生1-3-5男童四五六女双肩4-6年级儿童背包米奇书包,178.00,福建厦门,诗芙兰母婴专营店,https://detail.tmall.com/item.htm?&id=15916055916&ns=1&abbucket=10,2
迪士尼书包小学生3-5年级6-12周岁男女童米奇背包休闲儿童双肩4,238.00,广东东莞,蕙心母婴专营店,https://detail.tmall.com/item.htm?&id=550329220597&ns=1&abbucket=10,0
迪士尼书包小学生3-5年级三四五六4-6男女童双肩背包儿童米奇书包,208.00,上海,圣茨赣ぷㄓ店,https://detail.tmall.com/item.htm?&id=524646519433&ns=1&abbucket=10,3
迪士尼书包小学生女生1-3-4年级苏菲亚女童6-12周岁儿童双肩背包,198.00 - 208.00,广东东莞,中航智母婴专营店,https://detail.tmall.com/item.htm?&id=535689834144&ns=1&abbucket=10,4
迪士尼书包小学生女生1-3-6年级护脊减负防水公主双肩儿童背包轻,198.00,福建福州,永铭母婴专营店,https://detail.tmall.com/item.htm?&id=539966768658&ns=1&abbucket=10,4
迪士尼书包小学生女生1-3年级冰雪奇缘女童12周岁女孩儿童一二4-6,208.00 - 238.00,广东广州,诺旗母婴专营店,https://detail.tmall.com/item.htm?&id=520148990489&ns=1&abbucket=10,7
迪士尼书包小学生女生1-3年级苏菲亚女童6-12周岁儿童双肩包背包4,208.00 - 228.00,广东广州,诺旗母婴专营店,https://detail.tmall.com/item.htm?&id=533277916671&ns=1&abbucket=10,7
迪士尼书包小学生女童1-3-4年级苏菲亚公主6-12减负儿童双肩背包,142.00 - 171.00,上海,多妙屋母婴旗舰店,https://detail.tmall.com/item.htm?&id=526371907244&ns=1&abbucket=10,2
迪士尼书包小学生女童1-3-6年级女孩公主休闲旅行双肩包儿童背包,138.00 - 158.00,上海,多妙屋母婴旗舰店,https://detail.tmall.com/item.htm?&id=525119167377&ns=1&abbucket=10,2
迪士尼书包小学生男女1-3-4-6年级减负双肩背包儿童书包6-10-12岁,148.00 - 208.00,广东东莞,星际佳宸母婴专营店,https://detail.tmall.com/item.htm?&id=544509770382&ns=1&abbucket=10,3
迪士尼书包小学生男女1-3-4-6年级米奇减负背包儿童书包8-10-12岁,188.00,湖北武汉,迅步母婴专营店,https://detail.tmall.com/item.htm?&id=42773176536&ns=1&abbucket=10,1
迪士尼书包小学生男童3-5年级四五六4-6女童米奇双肩韩版儿童书包,188.00,福建福州,你和我母婴专营店,https://detail.tmall.com/item.htm?&id=39151194215&ns=1&abbucket=10,2
迪士尼书包小学生男童一1-3年级4二女孩背包6-12周岁儿童米奇书包,218.00 - 238.00,福建厦门,诗芙兰母婴专营店,https://detail.tmall.com/item.htm?&id=528287901708&ns=1&abbucket=10,2
迪士尼书包小学生男童儿童双肩包1-3年级米奇书包6-12周岁女背包,218.00 - 268.00,广东东莞,中航智母婴专营店,https://detail.tmall.com/item.htm?&id=531558165245&ns=1&abbucket=10,4
迪士尼书包小学生男童女童3-4-6高年级初中休闲双肩背包儿童书包,142.00,上海,多妙屋母婴旗舰店,https://detail.tmall.com/item.htm?&id=526462820104&ns=1&abbucket=10,2
迪士尼小学生书包女童1-3-4年级冰雪奇缘女孩儿童3D减负双肩背包,156.00 - 171.00,上海,多妙屋母婴旗舰店,https://detail.tmall.com/item.htm?&id=520702840884&ns=1&abbucket=10,2
迪士尼小学生书包男孩1-3-5年级美国队长男童双肩包儿童6-12周岁4,248.00 - 258.00,上海,黛爵母婴专营店,https://detail.tmall.com/item.htm?&id=544491872676&ns=1&abbucket=10,8
迪士尼幼儿园书包1-3-5岁苏菲亚女童双肩包小宝宝儿童防走失背包6,128.00 - 138.00,广东广州,野牛母婴专营店,https://detail.tmall.com/item.htm?&id=540794000337&ns=1&abbucket=10,2
迪士尼幼儿园书包男童女童米奇卡通小孩1-3-5岁儿童宝宝双肩背包,88.00,上海,多妙屋母婴旗舰店,https://detail.tmall.com/item.htm?&id=17817870515&ns=1&abbucket=10,2
迪士尼美国队长小学生书包男1-3-6年级减负护脊双肩背包儿童书包,168.00,湖北武汉,迅步母婴专营店,https://detail.tmall.com/item.htm?&id=531800050520&ns=1&abbucket=10,1
迪斯尼书包小学生1-3年级儿童米奇6-12周岁卡通男孩女童双肩包潮7,71.00 - 88.00,福建福州,哈伊娃母婴专营店,https://detail.tmall.com/item.htm?&id=548125456649&ns=1&abbucket=10,4
迪特亚诺儿童双肩小学生书包女童1-2-3-5-6年级6-12周岁减负护脊,49.00 - 59.00,北京,迪特亚诺旗舰店,https://detail.tmall.com/item.htm?&id=536522295634&ns=1&abbucket=10,1
铠甲勇士儿童书包小学生1-3-5年级男6-12周岁双肩减负幼儿背包女,128.00 - 148.00,广东广州,途尚母婴专营店,https://detail.tmall.com/item.htm?&id=526564918184&ns=1&abbucket=10,3
铠甲勇士双肩幼儿园儿童书包1-3-5年级小学生书包男女孩护脊背包,148.00 - 168.00,广东广州,踏梦者母婴专营店,https://detail.tmall.com/item.htm?&id=552139822439&ns=1&abbucket=10,0
防水双肩包女韩版背包女包旅行包2017新款书包牛津布帆布妈咪包包,39.80 - 49.80,天津,hkz旗舰店,https://detail.tmall.com/item.htm?&id=550066646758&ns=1&abbucket=10,1
阳光8点儿童书包1-3-6年级小学生书包男女孩减负护脊双肩防水背包,198.00 - 218.00,湖南邵阳,牧派母婴专营店,https://detail.tmall.com/item.htm?&id=534721109724&ns=1&abbucket=10,0
韩国kk树书包小学生男1-3-4-6年级儿童书包女6-12周岁双肩包护脊,358.00,浙江湖州,kocotree旗舰店,https://detail.tmall.com/item.htm?&id=26630024932&ns=1&abbucket=10,1
韩版书包女双肩包大容量潮学院休闲男初中生背包简约中学生旅行包,328.00,广东广州,wolfhorse箱包旗舰店,https://detail.tmall.com/item.htm?&id=44639916701&ns=1&abbucket=10,1
韩版休闲双肩包男大学生书包中学生商务电脑包大容量旅行女背包潮,368.00,广东广州,喜利威鲨旗舰店,https://detail.tmall.com/item.htm?&id=532938141215&ns=1&abbucket=10,2
韩版儿童书包小学生男1-3-4-6年级6-12周岁男童女童男生双肩包女,138.00,广东广州,ausqi旗舰店,https://detail.tmall.com/item.htm?&id=40176444770&ns=1&abbucket=10,1
韩版儿童小学生书包1-3-4-6年级女童书包6-12周岁可爱女孩双肩包,258.00 - 388.00,湖南邵阳,酷儿宝贝卡豆专卖店,https://detail.tmall.com/item.htm?&id=44712680693&ns=1&abbucket=10,6
韩版可爱公主风小学生2-6年级双肩书包减负护脊儿童女孩三-六书包,98.00 - 118.00,北京,启梦缘母婴专营店,https://detail.tmall.com/item.htm?&id=45377030175&ns=1&abbucket=10,2
韩版夜光男士休闲旅行包背包双肩包女初中生中学生书包男时尚潮流,75.00 - 156.00,广东广州,山奇品一箱包旗舰店,https://detail.tmall.com/item.htm?&id=45702867572&ns=1&abbucket=10,1
麦哲双肩包男士韩版书包背包时尚潮流学生旅行包休闲男包皮电脑包,308.00,浙江杭州,mcgor旗舰店,https://detail.tmall.com/item.htm?&id=45156892993&ns=1&abbucket=10,2
黑眼袋袋2017新款双肩包迷你女包韩版百搭背包潮流书包个性小包包,278.00 - 318.00,河北石家庄,黑眼袋袋箱包旗舰店,https://detail.tmall.com/item.htm?&id=534016846073&ns=1&abbucket=10,1
